{
  "vae": {
    "pixel_stats": {
      "mean": 0.5951143503189087,
      "std": 0.2776283323764801,
      "min": 0.0,
      "max": 0.9999536275863647
    },
    "diversity": 71.18074472776057,
    "timing": {
      "mean_time": 0.0009178400039672851,
      "std_time": 0.0014988533560704358,
      "samples_per_second": 69728.92848793413
    },
    "num_params": 2958659
  },
  "gan": {
    "pixel_stats": {
      "mean": 0.5888343453407288,
      "std": 0.352653443813324,
      "min": 0.0,
      "max": 1.0
    },
    "diversity": 97.2981156184141,
    "timing": {
      "mean_time": 0.0017471075057983398,
      "std_time": 0.0019440634140400835,
      "samples_per_second": 36631.9758730332
    },
    "num_params": 3576704
  }
}